INSERT INTO players
(team_id, first_name, last_name, jersey_number, position, age, height_cm, weight_kg, photo_path)
VALUES
(1, 'Giannis', 'Kouris', 4,  'PG', 22, 185.0, 78.0, 'image/player1.png'),
(1, 'Nikos', 'Papadopoulos', 7, 'C', 24, 210.0, 120.0, 'image/player2.png'),
(1, 'Dimitris', 'Lazarou', 9, 'SF', 25, 195.0, 88.0, 'image/player3.png'),
(1, 'Kostas', 'Georgiou', 11, 'PF', 27, 201.0, 96.0, 'image/player4.png'),
(1, 'Petros', 'Antonopoulos', 14, 'SG', 28, 188.0, 84.0, 'image/player5.png'),

(1, 'Markos', 'Karalis', 5, 'PG', 21, 183.0, 76.0, 'image/player6.png'),
(1, 'Vasilis', 'Raptis', 8, 'SG', 23, 190.0, 84.0, 'image/player7.png'),
(1, 'Andreas', 'Sarris', 10, 'SF', 22, 198.0, 89.0, 'image/player8.png'),
(1, 'Stelios', 'Gkritzalis', 12, 'PF', 26, 203.0, 97.0, 'image/player9.png'),
(1, 'Giorgos', 'Alexiou', 15, 'C', 29, 208.0, 108.0, 'image/player10.png'),

(1, 'Nektarios', 'Katsaros', 6, 'PG', 20, 180.0, 74.0, 'image/player11.png'),
(1, 'Panagiotis', 'Lymperopoulos', 13, 'SG', 22, 189.0, 85.0, 'image/player12.png'),
(1, 'Iasonas', 'Soulis', 17, 'SF', 24, 196.0, 87.0, 'image/player13.png'),
(1, 'Aris', 'Makris', 19, 'PF', 27, 202.0, 94.0, 'image/player14.png'),
(1, 'Christos', 'Melas', 21, 'C', 30, 212.0, 110.0, 'image/player15.png');

INSERT INTO staff (team_id, full_name, role, age, photo_path)
VALUES
    (1, 'Nikos Papadopoulos',   'Head Coach',       45, 'image/staff_headcoach.png'),
    (1, 'Giorgos Antoniou',     'Assistant Coach',  39, 'image/staff_assistant.png'),
    (1, 'Maria Konstantinou',   'Trainer',          34, 'image/staff_trainer.png'),
    (1, 'Ilias Dimitriou',      'Scouter',          37, 'image/staff_scouter.png');

INSERT INTO games
(game_id, game_date, opponent_name, opponent_logo, home_game, our_score, opponent_score)
VALUES
    (1, '2025-10-01', 'ΠΥΛΟΣ BULLS', '/image/Bulls_logo.png', TRUE,  78, 72),
    (2, '2025-10-08', 'ΚΟΡΩΝΗ HORNETS',    '/image/Hornets_logo.png',    FALSE, 65, 70),
    (3, '2025-10-15', 'ΝΑΥΑΡΙΝΟ HAWKS','/image/Hawks_logo.png',       TRUE,  88, 60),
    (4, '2025-10-22', 'ΜΕΣΣΗΝΗ BOBCATS',          '/image/Bobcats_logo.png',          FALSE, 72, 75),
    (5, '2025-10-29', 'ΠΥΛΟΣ BULLS',          '/image/Bulls_logo.png',          TRUE,  90, 82),
    (6, '2025-11-05', 'ΚΟΡΩΝΗ HORNETS',      '/image/Hornets_logo.png',      FALSE, 67, 63),
    (7, '2025-11-12', 'ΝΑΥΑΡΙΝΟ HAWKS',     '/image/Hawks_logo.png',     TRUE,  80, 77),
    -- Τελευταίος αγώνας: σκορ NULL για να το συμπληρώσεις από το INSERT STATS
    (8, '2025-11-19', 'ΜΕΣΣΗΝΗ BOBCATS',    '/image/Bobcats_logo.png',    FALSE, NULL, NULL);

INSERT INTO game_lineup (game_id, player_id) VALUES
    -- Game 1
    (1,1),(1,2),(1,3),(1,4),(1,5),(1,6),(1,7),(1,8),(1,9),(1,10),(1,11),(1,12),

    -- Game 2
    (2,1),(2,2),(2,3),(2,4),(2,5),(2,6),(2,7),(2,8),(2,9),(2,10),(2,11),(2,12),

    -- Game 3
    (3,1),(3,2),(3,3),(3,4),(3,5),(3,6),(3,7),(3,8),(3,9),(3,10),(3,11),(3,12),

    -- Game 4
    (4,1),(4,2),(4,3),(4,4),(4,5),(4,6),(4,7),(4,8),(4,9),(4,10),(4,11),(4,12),

    -- Game 5
    (5,1),(5,2),(5,3),(5,4),(5,5),(5,6),(5,7),(5,8),(5,9),(5,10),(5,11),(5,12),

    -- Game 6
    (6,1),(6,2),(6,3),(6,4),(6,5),(6,6),(6,7),(6,8),(6,9),(6,10),(6,11),(6,12),

    -- Game 7
    (7,1),(7,2),(7,3),(7,4),(7,5),(7,6),(7,7),(7,8),(7,9),(7,10),(7,11),(7,12),

    -- Game 8
    (8,1),(8,2),(8,3),(8,4),(8,5),(8,6),(8,7),(8,8),(8,9),(8,10),(8,11),(8,12);

INSERT INTO player_game_stats
    (game_id, player_id,
     points, rebounds, assists, steals, blocks, turnovers,
     ft_made, ft_attempts,
     two_made, two_attempts,
     three_made, three_attempts)
VALUES
    -- Game 1 (vs Panathinaikos, home, 78–72)
    (1, 1, 18, 6, 4, 2, 0, 3,  4, 5,  5,10, 1,3),
    (1, 2, 15, 5, 3, 1, 0, 2,  3, 4,  4, 9, 1,4),
    (1, 3, 12, 7, 2, 1, 1, 1,  2, 2,  4, 8, 0,2),
    (1, 4, 10, 4, 5, 0, 0, 2,  2, 3,  3, 7, 0,1),
    (1, 5,  8, 3, 2, 1, 0, 1,  0, 0,  4, 9, 0,2),
    (1, 6,  7, 2, 1, 1, 0, 1,  1, 2,  2, 5, 0,1),
    (1, 7,  4, 3, 1, 0, 1, 1,  0, 0,  2, 4, 0,1),
    (1, 8,  4, 2, 2, 0, 0, 1,  0, 0,  1, 3, 1,2),
    (1, 9,  0, 1, 1, 0, 0, 0,  0, 0,  0, 1, 0,1),
    (1,10,  0, 1, 0, 0, 0, 0,  0, 0,  0, 1, 0,1),
    (1,11,  0, 0, 1, 0, 0, 0,  0, 0,  0, 0, 0,1),
    (1,12,  0, 0, 0, 0, 0, 0,  0, 0,  0, 0, 0,0);


INSERT INTO player_game_stats
    (game_id, player_id,
     points, rebounds, assists, steals, blocks, turnovers,
     ft_made, ft_attempts,
     two_made, two_attempts,
     three_made, three_attempts)
VALUES
    -- Game 2 (vs Olympiacos, away, 65–70)
    (2, 1, 16, 5, 3, 1, 0, 3,  4, 5,  4, 9, 1,4),
    (2, 2, 11, 4, 2, 1, 0, 2,  1, 2,  4, 8, 0,3),
    (2, 3,  9, 6, 3, 1, 1, 1,  1, 2,  3, 7, 0,2),
    (2, 4,  8, 3, 4, 0, 0, 2,  2, 3,  2, 6, 0,1),
    (2, 5,  7, 3, 1, 1, 0, 1,  1, 2,  2, 5, 0,1),
    (2, 6,  5, 2, 1, 0, 0, 1,  1, 1,  2, 4, 0,1),
    (2, 7,  4, 3, 1, 0, 0, 1,  0, 0,  2, 4, 0,1),
    (2, 8,  3, 1, 1, 0, 0, 0,  0, 0,  1, 3, 0,1),
    (2, 9,  2, 1, 0, 0, 0, 0,  0, 0,  1, 2, 0,1),
    (2,10,  0, 1, 0, 0, 0, 0,  0, 0,  0, 1, 0,1),
    (2,11,  0, 0, 1, 0, 0, 0,  0, 0,  0, 0, 0,1),
    (2,12,  0, 0, 0, 0, 0, 0,  0, 0,  0, 0, 0,0);
-- ========================
-- GAME 3  (game_id = 3, our_score = 88)
-- ========================
INSERT INTO player_game_stats (game_id, player_id, points, rebounds, assists, steals, blocks, turnovers,
                               ft_made, ft_attempts, two_made, two_attempts, three_made, three_attempts)
VALUES
(3,  1, 22,  (1*2+3)%8, (1+3)%6, (1+2*3)%3, (1+3)%2, (1+3*3)%4, 1, 2, 10, 11, 3, 4),
(3,  2, 15,  (2*2+3)%8, (2+3)%6, (2+2*3)%3, (2+3)%2, (2+3*3)%4, 1, 2,  6,  7, 1, 2),
(3,  3, 14,  (3*2+3)%8, (3+3)%6, (3+2*3)%3, (3+3)%2, (3+3*3)%4, 0, 0,  7,  8, 0, 0),
(3,  4, 10,  (4*2+3)%8, (4+3)%6, (4+2*3)%3, (4+3)%2, (4+3*3)%4, 0, 0,  5,  6, 0, 0),
(3,  5,  9,  (5*2+3)%8, (5+3)%6, (5+2*3)%3, (5+3)%2, (5+3*3)%4, 1, 2,  3,  4, 1, 2),
(3,  6,  6,  (6*2+3)%8, (6+3)%6, (6+2*3)%3, (6+3)%2, (6+3*3)%4, 0, 0,  3,  4, 0, 0),
(3,  7,  4,  (7*2+3)%8, (7+3)%6, (7+2*3)%3, (7+3)%2, (7+3*3)%4, 0, 0,  2,  3, 0, 0),
(3,  8,  4,  (8*2+3)%8, (8+3)%6, (8+2*3)%3, (8+3)%2, (8+3*3)%4, 0, 0,  2,  3, 0, 0),
(3,  9,  2,  (9*2+3)%8, (9+3)%6, (9+2*3)%3, (9+3)%2, (9+3*3)%4, 0, 0,  1,  2, 0, 0),
(3, 10,  1, (10*2+3)%8,(10+3)%6,(10+2*3)%3,(10+3)%2,(10+3*3)%4, 1, 2,  0,  0, 0, 0),
(3, 11,  1, (11*2+3)%8,(11+3)%6,(11+2*3)%3,(11+3)%2,(11+3*3)%4, 1, 2,  0,  0, 0, 0),
(3, 12,  0, (12*2+3)%8,(12+3)%6,(12+2*3)%3,(12+3)%2,(12+3*3)%4, 0, 0,  0,  0, 0, 0);

-- ========================
-- GAME 4  (game_id = 4, our_score = 72)
-- ========================
INSERT INTO player_game_stats (game_id, player_id, points, rebounds, assists, steals, blocks, turnovers,
                               ft_made, ft_attempts, two_made, two_attempts, three_made, three_attempts)
VALUES
(4,  1, 18,  (1*2+4)%8, (1+4)%6, (1+2*4)%3, (1+4)%2, (1+3*4)%4, 0, 0,  9, 10, 0, 0),
(4,  2, 14,  (2*2+4)%8, (2+4)%6, (2+2*4)%3, (2+4)%2, (2+3*4)%4, 0, 0,  7,  8, 0, 0),
(4,  3, 12,  (3*2+4)%8, (3+4)%6, (3+2*4)%3, (3+4)%2, (3+3*4)%4, 0, 0,  6,  7, 0, 0),
(4,  4,  8,  (4*2+4)%8, (4+4)%6, (4+2*4)%3, (4+4)%2, (4+3*4)%4, 0, 0,  4,  5, 0, 0),
(4,  5,  7,  (5*2+4)%8, (5+4)%6, (5+2*4)%3, (5+4)%2, (5+3*4)%4, 1, 2,  3,  4, 0, 0),
(4,  6,  5,  (6*2+4)%8, (6+4)%6, (6+2*4)%3, (6+4)%2, (6+3*4)%4, 1, 2,  2,  3, 0, 0),
(4,  7,  4,  (7*2+4)%8, (7+4)%6, (7+2*4)%3, (7+4)%2, (7+3*4)%4, 0, 0,  2,  3, 0, 0),
(4,  8,  2,  (8*2+4)%8, (8+4)%6, (8+2*4)%3, (8+4)%2, (8+3*4)%4, 0, 0,  1,  2, 0, 0),
(4,  9,  1,  (9*2+4)%8, (9+4)%6, (9+2*4)%3, (9+4)%2, (9+3*4)%4, 1, 2,  0,  0, 0, 0),
(4, 10,  1, (10*2+4)%8,(10+4)%6,(10+2*4)%3,(10+4)%2,(10+3*4)%4, 1, 2,  0,  0, 0, 0),
(4, 11,  0, (11*2+4)%8,(11+4)%6,(11+2*4)%3,(11+4)%2,(11+3*4)%4, 0, 0,  0,  0, 0, 0),
(4, 12,  0, (12*2+4)%8,(12+4)%6,(12+2*4)%3,(12+4)%2,(12+3*4)%4, 0, 0,  0,  0, 0, 0);

-- ========================
-- GAME 5  (game_id = 5, our_score = 90)
-- ========================
INSERT INTO player_game_stats (game_id, player_id, points, rebounds, assists, steals, blocks, turnovers,
                               ft_made, ft_attempts, two_made, two_attempts, three_made, three_attempts)
VALUES
(5,  1, 24,  (1*2+5)%8, (1+5)%6, (1+2*5)%3, (1+5)%2, (1+3*5)%4, 0, 0, 12, 13, 0, 0),
(5,  2, 18,  (2*2+5)%8, (2+5)%6, (2+2*5)%3, (2+5)%2, (2+3*5)%4, 0, 0,  9, 10, 0, 0),
(5,  3, 15,  (3*2+5)%8, (3+5)%6, (3+2*5)%3, (3+5)%2, (3+3*5)%4, 0, 0,  7,  8, 0, 0),
(5,  4,  9,  (4*2+5)%8, (4+5)%6, (4+2*5)%3, (4+5)%2, (4+3*5)%4, 1, 2,  4,  5, 0, 0),
(5,  5,  8,  (5*2+5)%8, (5+5)%6, (5+2*5)%3, (5+5)%2, (5+3*5)%4, 0, 0,  4,  5, 0, 0),
(5,  6,  5,  (6*2+5)%8, (6+5)%6, (6+2*5)%3, (6+5)%2, (6+3*5)%4, 1, 2,  2,  3, 0, 0),
(5,  7,  5,  (7*2+5)%8, (7+5)%6, (7+2*5)%3, (7+5)%2, (7+3*5)%4, 1, 2,  2,  3, 0, 0),
(5,  8,  3,  (8*2+5)%8, (8+5)%6, (8+2*5)%3, (8+5)%2, (8+3*5)%4, 1, 2,  1,  2, 0, 0),
(5,  9,  2,  (9*2+5)%8, (9+5)%6, (9+2*5)%3, (9+5)%2, (9+3*5)%4, 0, 0,  1,  2, 0, 0),
(5, 10,  1, (10*2+5)%8,(10+5)%6,(10+2*5)%3,(10+5)%2,(10+3*5)%4, 1, 2,  0,  0, 0, 0),
(5, 11,  0, (11*2+5)%8,(11+5)%6,(11+2*5)%3,(11+5)%2,(11+3*5)%4, 0, 0,  0,  0, 0, 0),
(5, 12,  0, (12*2+5)%8,(12+5)%6,(12+2*5)%3,(12+5)%2,(12+3*5)%4, 0, 0,  0,  0, 0, 0);

-- ========================
-- GAME 6  (game_id = 6, our_score = 67)
-- ========================
INSERT INTO player_game_stats (game_id, player_id, points, rebounds, assists, steals, blocks, turnovers,
                               ft_made, ft_attempts, two_made, two_attempts, three_made, three_attempts)
VALUES
(6,  1, 16,  (1*2+6)%8, (1+6)%6, (1+2*6)%3, (1+6)%2, (1+3*6)%4, 0, 0,  8,  9, 0, 0),
(6,  2, 12,  (2*2+6)%8, (2+6)%6, (2+2*6)%3, (2+6)%2, (2+3*6)%4, 0, 0,  6,  7, 0, 0),
(6,  3, 11,  (3*2+6)%8, (3+6)%6, (3+2*6)%3, (3+6)%2, (3+3*6)%4, 1, 2,  5,  6, 0, 0),
(6,  4,  8,  (4*2+6)%8, (4+6)%6, (4+2*6)%3, (4+6)%2, (4+3*6)%4, 0, 0,  4,  5, 0, 0),
(6,  5,  7,  (5*2+6)%8, (5+6)%6, (5+2*6)%3, (5+6)%2, (5+3*6)%4, 1, 2,  3,  4, 0, 0),
(6,  6,  5,  (6*2+6)%8, (6+6)%6, (6+2*6)%3, (6+6)%2, (6+3*6)%4, 1, 2,  2,  3, 0, 0),
(6,  7,  3,  (7*2+6)%8, (7+6)%6, (7+2*6)%3, (7+6)%2, (7+3*6)%4, 1, 2,  1,  2, 0, 0),
(6,  8,  3,  (8*2+6)%8, (8+6)%6, (8+2*6)%3, (8+6)%2, (8+3*6)%4, 1, 2,  1,  2, 0, 0),
(6,  9,  1,  (9*2+6)%8, (9+6)%6, (9+2*6)%3, (9+6)%2, (9+3*6)%4, 1, 2,  0,  0, 0, 0),
(6, 10,  1, (10*2+6)%8,(10+6)%6,(10+2*6)%3,(10+6)%2,(10+3*6)%4, 1, 2,  0,  0, 0, 0),
(6, 11,  0, (11*2+6)%8,(11+6)%6,(11+2*6)%3,(11+6)%2,(11+3*6)%4, 0, 0,  0,  0, 0, 0),
(6, 12,  0, (12*2+6)%8,(12+6)%6,(12+2*6)%3,(12+6)%2,(12+3*6)%4, 0, 0,  0,  0, 0, 0);

-- ========================
-- GAME 7  (game_id = 7, our_score = 80)
-- ========================
INSERT INTO player_game_stats (game_id, player_id, points, rebounds, assists, steals, blocks, turnovers,
                               ft_made, ft_attempts, two_made, two_attempts, three_made, three_attempts)
VALUES
(7,  1, 21,  (1*2+7)%8, (1+7)%6, (1+2*7)%3, (1+7)%2, (1+3*7)%4, 1, 2, 10, 11, 0, 0),
(7,  2, 14,  (2*2+7)%8, (2+7)%6, (2+2*7)%3, (2+7)%2, (2+3*7)%4, 0, 0,  7,  8, 0, 0),
(7,  3, 13,  (3*2+7)%8, (3+7)%6, (3+2*7)%3, (3+7)%2, (3+3*7)%4, 1, 2,  6,  7, 0, 0),
(7,  4,  8,  (4*2+7)%8, (4+7)%6, (4+2*7)%3, (4+7)%2, (4+3*7)%4, 0, 0,  4,  5, 0, 0),
(7,  5,  7,  (5*2+7)%8, (5+7)%6, (5+2*7)%3, (5+7)%2, (5+3*7)%4, 1, 2,  3,  4, 0, 0),
(7,  6,  5,  (6*2+7)%8, (6+7)%6, (6+2*7)%3, (6+7)%2, (6+3*7)%4, 1, 2,  2,  3, 0, 0),
(7,  7,  4,  (7*2+7)%8, (7+7)%6, (7+2*7)%3, (7+7)%2, (7+3*7)%4, 0, 0,  2,  3, 0, 0),
(7,  8,  3,  (8*2+7)%8, (8+7)%6, (8+2*7)%3, (8+7)%2, (8+3*7)%4, 1, 2,  1,  2, 0, 0),
(7,  9,  3,  (9*2+7)%8, (9+7)%6, (9+2*7)%3, (9+7)%2, (9+3*7)%4, 1, 2,  1,  2, 0, 0),
(7, 10,  2, (10*2+7)%8,(10+7)%6,(10+2*7)%3,(10+7)%2,(10+3*7)%4, 0, 0,  1,  2, 0, 0),
(7, 11,  0, (11*2+7)%8,(11+7)%6,(11+2*7)%3,(11+7)%2,(11+3*7)%4, 0, 0,  0,  0, 0, 0),
(7, 12,  0, (12*2+7)%8,(12+7)%6,(12+2*7)%3,(12+7)%2,(12+3*7)%4, 0, 0,  0,  0, 0, 0);
